{
  "total_courses": 38687,
  "total_mise": 116061,
  "total_gain": 129831.5999999993,
  "profit": 13770.599999999293,
  "roi": 11.86496756016172,
  "courses_gagnees": 27580,
  "taux_reussite": 71.29009744875539,
  "hits_top3": 27547,
  "taux_hits_top3": 71.20479747718872
}